variant,training_seed,checkpoint,sha256,state_count,training_history
full_reward,0,checkpoints/full_reward/seed_0.pkl,3c5976b72e9043417aa0cf8176195b387e717b44a5373e58f538d60af7f7fa18,49182,raw/training/full_reward_seed_0.csv
full_reward,1,checkpoints/full_reward/seed_1.pkl,16dadf2a00216fb83e129d5900af575d2a589f88f47f614cd25bc359143235b9,49554,raw/training/full_reward_seed_1.csv
full_reward,2,checkpoints/full_reward/seed_2.pkl,a5505856800b2fe0bebe4f4f1c5457b76fdc9e1db04b1eb2f7aa3043639dc77c,49768,raw/training/full_reward_seed_2.csv
full_reward,3,checkpoints/full_reward/seed_3.pkl,a7cec49544c376874464da139b934a19568bcefe182d610a8c9d7dcc2bcf3cfa,49972,raw/training/full_reward_seed_3.csv
full_reward,4,checkpoints/full_reward/seed_4.pkl,773458c30c98738aaeda2511e904aec7aa9572f5f19032083cfc97068e210681,49412,raw/training/full_reward_seed_4.csv
no_distance,0,checkpoints/no_distance/seed_0.pkl,ffc3e4efa60c7f1513c9c863ad34e536f9ba7c2058925e31306b230f67e9d40d,67050,raw/training/no_distance_seed_0.csv
no_distance,1,checkpoints/no_distance/seed_1.pkl,9d0da4a6d9a0769955fb860515755f035a83933843475e2faac3939fcde1a738,67416,raw/training/no_distance_seed_1.csv
no_distance,2,checkpoints/no_distance/seed_2.pkl,d5780d50463afb8afdb2df603d42c84414b5d286975a07de8ed17c00aa0ff842,67740,raw/training/no_distance_seed_2.csv
no_distance,3,checkpoints/no_distance/seed_3.pkl,7eda01ed46df91871e437c043feb11eefdb199a9d353544ecb29a270adf1a37a,67440,raw/training/no_distance_seed_3.csv
no_distance,4,checkpoints/no_distance/seed_4.pkl,1253b63696a4f6bf4de37e79100fe2efe94705deb2d7bf710a1f0396f452928d,67828,raw/training/no_distance_seed_4.csv
no_step_penalty,0,checkpoints/no_step_penalty/seed_0.pkl,c06e739d87a470fa7ec0ebf7be9616fa02fd313c030cd8bff8db7b1f1390451b,48520,raw/training/no_step_penalty_seed_0.csv
no_step_penalty,1,checkpoints/no_step_penalty/seed_1.pkl,8f54b2c2af61bf588b6e25a624b13ffc9a902b403986e20b9cec9ea976c19de4,49416,raw/training/no_step_penalty_seed_1.csv
no_step_penalty,2,checkpoints/no_step_penalty/seed_2.pkl,982190c0ada3ceb2cf3a2f0c9f91c807e752a509ea0ee6b4ca57a1709c86958e,49814,raw/training/no_step_penalty_seed_2.csv
no_step_penalty,3,checkpoints/no_step_penalty/seed_3.pkl,628a10808d29ebff9d4e03009f91689d838b8f5c35c0fca2afeb2f46f80f4f06,49326,raw/training/no_step_penalty_seed_3.csv
no_step_penalty,4,checkpoints/no_step_penalty/seed_4.pkl,5f599a0279852fd3e9a4bce30a9a624912f1209efd0a75c618111eb57eb18c08,50218,raw/training/no_step_penalty_seed_4.csv
no_capture_reward,0,checkpoints/no_capture_reward/seed_0.pkl,f4db6d40a56f3c882acee2282b5db9b9ec1e6ff410669eee513c4affb8336c15,49558,raw/training/no_capture_reward_seed_0.csv
no_capture_reward,1,checkpoints/no_capture_reward/seed_1.pkl,634bd98ea7502532b8d3976ba9b0af7c042f593e390671dc9b332ca65dc14ffb,49714,raw/training/no_capture_reward_seed_1.csv
no_capture_reward,2,checkpoints/no_capture_reward/seed_2.pkl,901d6da6efc5d03f7600b3bd412cb675e61783b8ba445e16a40cb271609f37cb,49840,raw/training/no_capture_reward_seed_2.csv
no_capture_reward,3,checkpoints/no_capture_reward/seed_3.pkl,b69ceb8db3b7b9fd36c192db1016388fb212a40826e6491660d12b01b63b1ac5,49052,raw/training/no_capture_reward_seed_3.csv
no_capture_reward,4,checkpoints/no_capture_reward/seed_4.pkl,ebb659ca22b2ed446095aad4b51d54a43d4dfabcb52c2831d7e28da6217c14c8,49458,raw/training/no_capture_reward_seed_4.csv
