variant,training_seed,reached,episodes_completed,status
full_reward,0,1,245,Reached
full_reward,1,1,252,Reached
full_reward,2,1,254,Reached
full_reward,3,1,261,Reached
full_reward,4,1,261,Reached
no_distance,0,1,1010,Reached
no_distance,1,1,794,Reached
no_distance,2,1,1001,Reached
no_distance,3,1,893,Reached
no_distance,4,1,910,Reached
no_step_penalty,0,1,269,Reached
no_step_penalty,1,1,255,Reached
no_step_penalty,2,1,251,Reached
no_step_penalty,3,1,237,Reached
no_step_penalty,4,1,254,Reached
no_capture_reward,0,1,249,Reached
no_capture_reward,1,1,252,Reached
no_capture_reward,2,1,264,Reached
no_capture_reward,3,1,265,Reached
no_capture_reward,4,1,271,Reached
