variant,training_seed,capture_rate,episode_length,capture_time,episode_reward,episode_count,success_count
full_reward,0,1.0,16.992,16.992,30.4684,500,500
full_reward,1,1.0,16.19,16.19,30.416499999999996,500,500
full_reward,2,1.0,16.606,16.606,30.489699999999996,500,500
full_reward,3,1.0,17.324,17.324,30.555799999999998,500,500
full_reward,4,1.0,17.094,17.094,30.609299999999998,500,500
no_distance,0,0.922,36.692,31.336225596529285,16.605400000000003,500,461
no_distance,1,0.942,35.408,31.43099787685775,17.0696,500,471
no_distance,2,0.94,37.91,33.9468085106383,16.9045,500,470
no_distance,3,0.934,36.936,32.479657387580296,16.8332,500,467
no_distance,4,0.948,36.588,33.10970464135021,17.1306,500,474
no_step_penalty,0,1.0,16.636,16.636,31.318,500,500
no_step_penalty,1,1.0,16.928,16.928,31.226,500,500
no_step_penalty,2,1.0,17.428,17.428,31.32,500,500
no_step_penalty,3,1.0,17.542,17.542,31.422,500,500
no_step_penalty,4,1.0,16.088,16.088,31.464,500,500
no_capture_reward,0,1.0,15.786,15.786,10.528699999999999,500,500
no_capture_reward,1,1.0,15.362,15.362,10.457899999999999,500,500
no_capture_reward,2,1.0,16.258,16.258,10.507099999999998,500,500
no_capture_reward,3,1.0,15.904,15.904,10.6268,500,500
no_capture_reward,4,1.0,15.038,15.038,10.712099999999998,500,500
