training_seed,episode_count,captured,episode_length,mean_target_distance,mean_hunter_separation,simultaneous_adjacency_fraction,distinct_side_fraction,variant
0,500,1.0,16.992,4.054906791373738,4.490399584080267,0.08038708256420536,0.08038708256420536,full_reward
1,500,1.0,16.19,4.069014380841078,4.366553556722575,0.08106417911550627,0.08106417911550627,full_reward
2,500,1.0,16.606,4.030786551776042,4.392971191996643,0.07787151382000367,0.07787151382000367,full_reward
3,500,1.0,17.324,4.137499148488316,4.637096338684702,0.07576172275489622,0.07576172275489622,full_reward
4,500,1.0,17.094,4.05107568325464,4.355781846844216,0.07493315695043702,0.07493315695043702,full_reward
0,500,0.922,36.692,4.959514372228707,4.645115346023734,0.053908652664910205,0.053908652664910205,no_distance
1,500,0.942,35.408,4.894088306608501,4.578843896742077,0.05512188716523637,0.05512188716523637,no_distance
2,500,0.94,37.91,4.919219639048387,4.5471593443169676,0.045008679335561554,0.045008679335561554,no_distance
3,500,0.934,36.936,4.982665628048894,4.827593074397389,0.049270921755539904,0.049270921755539904,no_distance
4,500,0.948,36.588,4.9978641430332,4.60555103785497,0.05309917677670603,0.05309917677670603,no_distance
0,500,1.0,16.636,4.19772237069442,4.639185764615033,0.08416005119991388,0.08416005119991388,no_step_penalty
1,500,1.0,16.928,4.032004176295962,4.336579089339304,0.07927595515608482,0.07927595515608482,no_step_penalty
2,500,1.0,17.428,4.068963276375131,4.530897837944372,0.07666521287235577,0.07666521287235577,no_step_penalty
3,500,1.0,17.542,4.134302508472082,4.563358064151079,0.0780097400095504,0.0780097400095504,no_step_penalty
4,500,1.0,16.088,4.094707319025596,4.4941215608817915,0.07948807175672326,0.07948807175672326,no_step_penalty
0,500,1.0,15.786,4.092580572704521,4.557683564790668,0.0867605928150132,0.0867605928150132,no_capture_reward
1,500,1.0,15.362,4.073175958719346,4.533940585222181,0.0835751603192495,0.0835751603192495,no_capture_reward
2,500,1.0,16.258,4.199558780395783,4.7084913637572505,0.08453978508568936,0.08453978508568936,no_capture_reward
3,500,1.0,15.904,4.213202908908986,4.694236132303349,0.08135426358404842,0.08135426358404842,no_capture_reward
4,500,1.0,15.038,4.128820977261316,4.591874553607484,0.08694169824877268,0.08694169824877268,no_capture_reward
