training_seed,checkpoint,sha256
0,checkpoints/independent_q/seed_0_agent0.pkl,25977800fe47107271891c599e4a301635b2d2b91422be8c2531dcad78ecd7d1
0,checkpoints/independent_q/seed_0_agent1.pkl,0bab871d2f2c14227f5eecc2af4580879739b3d1e6ad15e23d176e5be058439f
0,checkpoints/cooperative_q/seed_0.pkl,3c5976b72e9043417aa0cf8176195b387e717b44a5373e58f538d60af7f7fa18
1,checkpoints/independent_q/seed_1_agent0.pkl,7c4892cab7fec2e00122bb98c4c689a2c5c8bc813764e2bb5e02735b8b5379c7
1,checkpoints/independent_q/seed_1_agent1.pkl,32fb405b4e9107535986558218fbabe5b1eff5787effae2237e55668ef9cfbb8
1,checkpoints/cooperative_q/seed_1.pkl,16dadf2a00216fb83e129d5900af575d2a589f88f47f614cd25bc359143235b9
2,checkpoints/independent_q/seed_2_agent0.pkl,dcfb3992f464e84e3b5749710be9053818d623737fee157739bc959bd6fd890c
2,checkpoints/independent_q/seed_2_agent1.pkl,a346704fb2360a709db9885f3c0a43038aa72297f45988546b33bb7fdc0defd3
2,checkpoints/cooperative_q/seed_2.pkl,a5505856800b2fe0bebe4f4f1c5457b76fdc9e1db04b1eb2f7aa3043639dc77c
3,checkpoints/independent_q/seed_3_agent0.pkl,eccf61a6bc2005d2006eb34cb33610692b88b1761a4ac1b2e4b2bbb11a6c7a6d
3,checkpoints/independent_q/seed_3_agent1.pkl,4df34484974dc2fb9088871bdf42a87568452d875082271a7b465bcc0a9f9278
3,checkpoints/cooperative_q/seed_3.pkl,a7cec49544c376874464da139b934a19568bcefe182d610a8c9d7dcc2bcf3cfa
4,checkpoints/independent_q/seed_4_agent0.pkl,768ba1726ee72fedbc52f5c9b28b747609fe5bc3cc0c0edbf97d27989275c329
4,checkpoints/independent_q/seed_4_agent1.pkl,c9f0f6721e0467e45d0268378ad09a786ef4e2d548167c1ba6ec9dad41ac16b6
4,checkpoints/cooperative_q/seed_4.pkl,773458c30c98738aaeda2511e904aec7aa9572f5f19032083cfc97068e210681
