method,condition,training_seed,episode_count,success_count,state_queries,seen_state_queries,capture_rate,capture_time,episode_length,episode_reward,q_coverage,unseen_state_rate,delta_capture_rate,delta_capture_time,delta_episode_length,delta_episode_reward,delta_q_coverage,delta_unseen_state_rate
Cooperative Q-Learning,held_out_initial_states,0,500,500,17274,16328,1.0,17.274,17.274,30.220299999999998,0.9452356142178997,0.0547643857821003,0.0,0.28200000000000003,0.28200000000000003,-0.24810000000000088,0.0017327893591426724,-0.0017327893591426724
Cooperative Q-Learning,held_out_initial_states,1,500,500,17482,16406,1.0,17.482,17.482,30.671899999999997,0.9384509781489532,0.061549021851046826,0.0,1.291999999999998,1.291999999999998,0.2553999999999981,-0.005341486335296408,0.005341486335296408
Cooperative Q-Learning,held_out_initial_states,2,500,500,16928,15974,1.0,16.928,16.928,30.549599999999998,0.9436436672967864,0.05635633270321361,0.0,0.3219999999999992,0.3219999999999992,0.059899999999998954,-0.005290452900732601,0.005290452900732601
Cooperative Q-Learning,held_out_initial_states,3,500,500,16834,15956,1.0,16.834,16.834,30.400299999999998,0.9478436497564453,0.052156350243554694,0.0,-0.490000000000002,-0.490000000000002,-0.15549999999999997,0.00706784740133104,-0.00706784740133104
Cooperative Q-Learning,held_out_initial_states,4,500,500,17252,16358,1.0,17.252,17.252,30.455399999999997,0.9481799211685602,0.0518200788314398,0.0,0.1579999999999977,0.1579999999999977,-0.15390000000000015,-0.004669031680392677,0.004669031680392677
Cooperative Q-Learning,held_out_seeds,0,500,500,18000,16946,1.0,18.0,18.0,30.185999999999996,0.9414444444444444,0.05855555555555558,0.0,1.0079999999999991,1.0079999999999991,-0.28240000000000265,-0.0020583804143126105,0.0020583804143126105
Cooperative Q-Learning,held_out_seeds,1,500,500,17130,16114,1.0,17.13,17.13,30.415499999999998,0.9406888499708115,0.05931115002918852,0.0,0.9399999999999977,0.9399999999999977,-0.0010000000000012221,-0.003103614513438102,0.003103614513438102
Cooperative Q-Learning,held_out_seeds,2,500,500,16704,15852,1.0,16.704,16.704,30.484799999999996,0.9489942528735632,0.051005747126436796,0.0,0.09799999999999898,0.09799999999999898,-0.004900000000002791,6.013267604421113e-05,-6.013267604421113e-05
Cooperative Q-Learning,held_out_seeds,3,500,500,17318,16330,1.0,17.318,17.318,30.364099999999997,0.9429495322785542,0.05705046772144584,0.0,-0.006000000000000227,-0.006000000000000227,-0.19170000000000087,0.0021737299234398932,-0.0021737299234398932
Cooperative Q-Learning,held_out_seeds,4,500,500,17306,16332,1.0,17.306,17.306,30.630699999999997,0.9437189414076043,0.05628105859239574,0.0,0.21199999999999974,0.21199999999999974,0.021399999999999864,-0.009130011441348618,0.009130011441348618
Cooperative Q-Learning,standard,0,500,500,16992,16032,1.0,16.992,16.992,30.4684,0.943502824858757,0.05649717514124297,0.0,0.0,0.0,0.0,0.0,0.0
Cooperative Q-Learning,standard,1,500,500,16190,15280,1.0,16.19,16.19,30.4165,0.9437924644842496,0.05620753551575042,0.0,0.0,0.0,0.0,0.0,0.0
Cooperative Q-Learning,standard,2,500,500,16606,15758,1.0,16.606,16.606,30.4897,0.948934120197519,0.05106587980248101,0.0,0.0,0.0,0.0,0.0,0.0
Cooperative Q-Learning,standard,3,500,500,17324,16298,1.0,17.324,17.324,30.555799999999998,0.9407758023551143,0.059224197644885734,0.0,0.0,0.0,0.0,0.0,0.0
Cooperative Q-Learning,standard,4,500,500,17094,16288,1.0,17.094,17.094,30.609299999999998,0.9528489528489529,0.04715104715104712,0.0,0.0,0.0,0.0,0.0,0.0
Cooperative Q-Learning,stress:boundary_target,0,100,100,2346,2346,1.0,11.73,11.73,28.4135,1.0,0.0,0.0,-5.2620000000000005,-5.2620000000000005,-2.0549,0.05649717514124297,-0.05649717514124297
Cooperative Q-Learning,stress:boundary_target,1,100,100,2814,2812,1.0,14.07,14.07,28.2965,0.9992892679459844,0.000710732054015617,0.0,-2.120000000000001,-2.120000000000001,-2.1199999999999974,0.0554968034617348,-0.0554968034617348
Cooperative Q-Learning,stress:boundary_target,2,100,100,2458,2458,1.0,12.29,12.29,28.3855,1.0,0.0,0.0,-4.3160000000000025,-4.3160000000000025,-2.1041999999999987,0.05106587980248101,-0.05106587980248101
Cooperative Q-Learning,stress:boundary_target,3,100,100,2510,2510,1.0,12.55,12.55,28.372500000000002,1.0,0.0,0.0,-4.774000000000001,-4.774000000000001,-2.1832999999999956,0.059224197644885734,-0.059224197644885734
Cooperative Q-Learning,stress:boundary_target,4,100,100,3096,3096,1.0,15.48,15.48,28.226000000000003,1.0,0.0,0.0,-1.6140000000000008,-1.6140000000000008,-2.383299999999995,0.04715104715104712,-0.04715104715104712
Cooperative Q-Learning,stress:far_target,0,100,100,6402,5046,1.0,32.01,32.01,43.39949999999999,0.788191190253046,0.21180880974695404,0.0,15.017999999999997,15.017999999999997,12.93109999999999,-0.15531163460571107,0.15531163460571107
Cooperative Q-Learning,stress:far_target,1,100,100,6926,5330,1.0,34.63,34.63,43.26849999999999,0.7695639618827607,0.23043603811723934,0.0,18.44,18.44,12.85199999999999,-0.17422850260148892,0.17422850260148892
Cooperative Q-Learning,stress:far_target,2,100,100,6868,5308,1.0,34.34,34.34,43.28299999999999,0.7728596389050669,0.22714036109493307,0.0,17.734,17.734,12.793299999999988,-0.17607448129245207,0.17607448129245207
Cooperative Q-Learning,stress:far_target,3,100,100,6846,5188,1.0,34.23,34.23,43.288499999999985,0.7578147823546597,0.2421852176453403,0.0,16.905999999999995,16.905999999999995,12.732699999999987,-0.18296102000045456,0.18296102000045456
Cooperative Q-Learning,stress:far_target,4,100,100,6716,5302,1.0,33.58,33.58,43.320999999999984,0.789458010720667,0.210541989279333,0.0,16.485999999999997,16.485999999999997,12.711699999999986,-0.16339094212828587,0.16339094212828587
Cooperative Q-Learning,stress:opposite_side_hunters,0,100,100,3710,3168,1.0,18.55,18.55,26.0725,0.8539083557951482,0.14609164420485177,0.0,1.5579999999999998,1.5579999999999998,-4.3958999999999975,-0.0895944690636088,0.0895944690636088
Cooperative Q-Learning,stress:opposite_side_hunters,1,100,100,3284,3124,1.0,16.42,16.42,26.179000000000002,0.951278928136419,0.04872107186358099,0.0,0.23000000000000043,0.23000000000000043,-4.237499999999997,0.007486463652169428,-0.007486463652169428
Cooperative Q-Learning,stress:opposite_side_hunters,2,100,100,3566,3260,1.0,17.83,17.83,26.1085,0.9141895681435782,0.08581043185642179,0.0,1.2239999999999966,1.2239999999999966,-4.3812,-0.03474455205394078,0.03474455205394078
Cooperative Q-Learning,stress:opposite_side_hunters,3,100,100,3718,3282,1.0,18.59,18.59,26.0705,0.8827326519634212,0.11726734803657879,0.0,1.2659999999999982,1.2659999999999982,-4.485299999999999,-0.058043150391693055,0.058043150391693055
Cooperative Q-Learning,stress:opposite_side_hunters,4,100,100,3374,3164,1.0,16.87,16.87,26.1565,0.9377593360995851,0.06224066390041494,0.0,-0.2240000000000002,-0.2240000000000002,-4.452799999999996,-0.015089616749367818,0.015089616749367818
Cooperative Q-Learning,stress:same_side_hunters,0,100,100,7572,5820,1.0,37.86,37.86,51.106999999999985,0.768621236133122,0.23137876386687795,0.0,20.868,20.868,20.638599999999986,-0.17488158872563497,0.17488158872563497
Cooperative Q-Learning,stress:same_side_hunters,1,100,100,7622,5624,1.0,38.11,38.11,51.09449999999998,0.7378640776699029,0.2621359223300971,0.0,21.919999999999998,21.919999999999998,20.677999999999983,-0.20592838681434666,0.20592838681434666
Cooperative Q-Learning,stress:same_side_hunters,2,100,100,7578,5672,1.0,37.89,37.89,51.105499999999985,0.7484824491950383,0.25151755080496174,0.0,21.284,21.284,20.615799999999986,-0.20045167100248074,0.20045167100248074
Cooperative Q-Learning,stress:same_side_hunters,3,100,100,8022,6144,1.0,40.11,40.11,50.99449999999998,0.7658937920718025,0.23410620792819747,0.0,22.785999999999998,22.785999999999998,20.438699999999983,-0.17488201028331174,0.17488201028331174
Cooperative Q-Learning,stress:same_side_hunters,4,100,100,7674,6180,1.0,38.37,38.37,51.081499999999984,0.8053166536356529,0.19468334636434714,0.0,21.275999999999996,21.275999999999996,20.472199999999987,-0.14753229921330002,0.14753229921330002
Cooperative Q-Learning,stress:widely_separated_hunters,0,100,100,5380,4320,1.0,26.9,26.9,34.654999999999994,0.8029739776951673,0.19702602230483268,0.0,9.907999999999998,9.907999999999998,4.186599999999995,-0.1405288471635897,0.1405288471635897
Cooperative Q-Learning,stress:widely_separated_hunters,1,100,100,5300,3968,1.0,26.5,26.5,34.675,0.7486792452830189,0.2513207547169811,0.0,10.309999999999999,10.309999999999999,4.258499999999998,-0.1951132192012307,0.1951132192012307
Cooperative Q-Learning,stress:widely_separated_hunters,2,100,100,4934,4078,1.0,24.67,24.67,34.76649999999999,0.8265099310903932,0.17349006890960683,0.0,8.064,8.064,4.276799999999994,-0.12242418910712582,0.12242418910712582
Cooperative Q-Learning,stress:widely_separated_hunters,3,100,100,5342,3904,1.0,26.71,26.71,34.6645,0.7308124298015725,0.26918757019842754,0.0,9.386,9.386,4.108699999999999,-0.2099633725535418,0.2099633725535418
Cooperative Q-Learning,stress:widely_separated_hunters,4,100,100,5642,4070,1.0,28.21,28.21,34.589499999999994,0.7213753987947537,0.27862460120524635,0.0,11.116,11.116,3.9801999999999964,-0.23147355405419923,0.23147355405419923
Independent Q-Learning,held_out_initial_states,0,500,499,19976,19936,0.998,19.81563126252505,19.976,30.043199999999995,0.9979975971165399,0.002002402883460097,0.0,0.7835671342685373,0.782,-0.27309999999999945,-0.00012681676279735488,0.00012681676279735488
Independent Q-Learning,held_out_initial_states,1,500,500,21394,21337,1.0,21.394,21.394,30.476299999999995,0.9973357015985791,0.002664298401420906,0.0,1.105999999999998,1.105999999999998,0.2646999999999977,-0.0007419797894335778,0.0007419797894335778
Independent Q-Learning,held_out_initial_states,2,500,500,20916,20869,1.0,20.916,20.916,30.350199999999997,0.9977529164276152,0.0022470835723847893,0.0,1.0180000000000007,1.0180000000000007,0.0251000000000019,6.470655727652819e-05,-6.470655727652819e-05
Independent Q-Learning,held_out_initial_states,3,500,500,20146,20102,1.0,20.146,20.146,30.234699999999997,0.9978159436116351,0.002184056388364941,0.0,-0.9979999999999976,-0.9979999999999976,-0.13009999999999877,0.0005117438386498252,-0.0005117438386498252
Independent Q-Learning,held_out_initial_states,4,500,499,20218,20179,0.998,20.05811623246493,20.218,30.265099999999997,0.9980710258185775,0.0019289741814224604,0.0,-0.6452905811623246,-0.6439999999999984,-0.11380000000000123,-0.00020334864216442483,0.00020334864216442483
Independent Q-Learning,held_out_seeds,0,500,499,20938,20899,0.998,20.779559118236474,20.938,29.9931,0.9981373579138408,0.0018626420861591608,0.0,1.7474949899799626,1.7439999999999998,-0.3231999999999964,1.2944034503581392e-05,-1.2944034503581392e-05
Independent Q-Learning,held_out_seeds,1,500,499,21028,20988,0.998,20.869739478957914,21.028,30.174599999999998,0.9980977743960434,0.0019022256039565866,-0.0020000000000000018,0.581739478957914,0.7399999999999984,-0.036999999999999034,2.0093008030741544e-05,-2.0093008030741544e-05
Independent Q-Learning,held_out_seeds,2,500,500,19440,19397,1.0,19.44,19.44,30.347999999999995,0.9977880658436215,0.0022119341563785477,0.0,-0.4579999999999984,-0.4579999999999984,0.02289999999999992,9.985597328276974e-05,-9.985597328276974e-05
Independent Q-Learning,held_out_seeds,3,500,500,21526,21486,1.0,21.526,21.526,30.153699999999997,0.9981417820310322,0.0018582179689677902,0.0,0.38200000000000145,0.38200000000000145,-0.2110999999999983,0.0008375822580469761,-0.0008375822580469761
Independent Q-Learning,held_out_seeds,4,500,500,19408,19369,1.0,19.408,19.408,30.525599999999997,0.9979905193734543,0.002009480626545712,0.0020000000000000018,-1.2954068136272525,-1.453999999999997,0.14669999999999916,-0.0002838550872876766,0.0002838550872876766
Independent Q-Learning,standard,0,500,499,19194,19158,0.998,19.03206412825651,19.194,30.316299999999995,0.9981244138793373,0.0018755861206627422,0.0,0.0,0.0,0.0,0.0,0.0
Independent Q-Learning,standard,1,500,500,20288,20249,1.0,20.288,20.288,30.211599999999997,0.9980776813880127,0.0019223186119873281,0.0,0.0,0.0,0.0,0.0,0.0
Independent Q-Learning,standard,2,500,500,19898,19852,1.0,19.898,19.898,30.325099999999996,0.9976882098703387,0.0023117901296613175,0.0,0.0,0.0,0.0,0.0,0.0
Independent Q-Learning,standard,3,500,500,21144,21087,1.0,21.144,21.144,30.364799999999995,0.9973041997729852,0.0026958002270147663,0.0,0.0,0.0,0.0,0.0,0.0
Independent Q-Learning,standard,4,500,499,20862,20826,0.998,20.703406813627254,20.862,30.378899999999998,0.998274374460742,0.0017256255392580355,0.0,0.0,0.0,0.0,0.0,0.0
Independent Q-Learning,stress:boundary_target,0,100,100,3524,3515,1.0,17.62,17.62,28.119,0.9974460839954598,0.0025539160045402465,0.0020000000000000018,-1.4120641282565103,-1.573999999999998,-2.197299999999995,-0.0006783298838775043,0.0006783298838775043
Independent Q-Learning,stress:boundary_target,1,100,100,3276,3276,1.0,16.38,16.38,28.181,1.0,0.0,0.0,-3.9080000000000013,-3.9080000000000013,-2.030599999999996,0.0019223186119873281,-0.0019223186119873281
Independent Q-Learning,stress:boundary_target,2,100,100,3060,3060,1.0,15.3,15.3,28.235000000000003,1.0,0.0,0.0,-4.597999999999999,-4.597999999999999,-2.0900999999999925,0.0023117901296613175,-0.0023117901296613175
Independent Q-Learning,stress:boundary_target,3,100,100,3344,3344,1.0,16.72,16.72,28.164,1.0,0.0,0.0,-4.4239999999999995,-4.4239999999999995,-2.200799999999994,0.0026958002270147663,-0.0026958002270147663
Independent Q-Learning,stress:boundary_target,4,100,100,3796,3794,1.0,18.98,18.98,28.051000000000002,0.9994731296101159,0.0005268703898840821,0.0020000000000000018,-1.7234068136272533,-1.881999999999998,-2.327899999999996,0.0011987551493739534,-0.0011987551493739534
Independent Q-Learning,stress:far_target,0,100,100,5480,5432,1.0,27.4,27.4,43.62999999999999,0.9912408759124087,0.008759124087591275,0.0020000000000000018,8.367935871743487,8.206,13.313699999999994,-0.006883537966928532,0.006883537966928532
Independent Q-Learning,stress:far_target,1,100,100,6250,6115,1.0,31.25,31.25,43.437499999999986,0.9784,0.021599999999999953,0.0,10.962,10.962,13.225899999999989,-0.019677681388012624,0.019677681388012624
Independent Q-Learning,stress:far_target,2,100,100,6606,6603,1.0,33.03,33.03,43.34849999999999,0.9995458673932789,0.0004541326067211138,0.0,13.132000000000001,13.132000000000001,13.023399999999992,0.0018576575229402037,-0.0018576575229402037
Independent Q-Learning,stress:far_target,3,100,100,6404,6239,1.0,32.02,32.02,43.39899999999999,0.9742348532167395,0.025765146783260473,0.0,10.876000000000005,10.876000000000005,13.034199999999991,-0.023069346556245707,0.023069346556245707
Independent Q-Learning,stress:far_target,4,100,98,6540,6403,0.98,31.3265306122449,32.7,42.90499999999998,0.9790519877675841,0.020948012232415936,-0.018000000000000016,10.623123798617645,11.838000000000005,12.526099999999982,-0.0192223866931579,0.0192223866931579
Independent Q-Learning,stress:opposite_side_hunters,0,100,100,4068,4065,1.0,20.34,20.34,25.983,0.9992625368731564,0.0007374631268436405,0.0020000000000000018,1.3079358717434886,1.1460000000000008,-4.333299999999994,0.0011381229938191018,-0.0011381229938191018
Independent Q-Learning,stress:opposite_side_hunters,1,100,100,3570,3570,1.0,17.85,17.85,26.1075,1.0,0.0,0.0,-2.437999999999999,-2.437999999999999,-4.104099999999995,0.0019223186119873281,-0.0019223186119873281
Independent Q-Learning,stress:opposite_side_hunters,2,100,100,3520,3519,1.0,17.6,17.6,26.12,0.9997159090909091,0.00028409090909087276,0.0,-2.2979999999999983,-2.2979999999999983,-4.2050999999999945,0.0020276992205704447,-0.0020276992205704447
Independent Q-Learning,stress:opposite_side_hunters,3,100,100,3846,3839,1.0,19.23,19.23,26.0385,0.9981799271970879,0.001820072802912076,0.0,-1.913999999999998,-1.913999999999998,-4.326299999999996,0.0008757274241026902,-0.0008757274241026902
Independent Q-Learning,stress:opposite_side_hunters,4,100,100,4126,4017,1.0,20.63,20.63,25.968500000000002,0.9735821619001455,0.02641783809985454,0.0020000000000000018,-0.07340681362725476,-0.23199999999999932,-4.410399999999996,-0.024692212560596505,0.024692212560596505
Independent Q-Learning,stress:same_side_hunters,0,100,100,6942,6885,1.0,34.71,34.71,51.264499999999984,0.9917891097666378,0.00821089023336219,0.0020000000000000018,15.67793587174349,15.516000000000002,20.94819999999999,-0.006335304112699447,0.006335304112699447
Independent Q-Learning,stress:same_side_hunters,1,100,100,7288,7044,1.0,36.44,36.44,51.17799999999998,0.9665203073545554,0.03347969264544459,0.0,16.151999999999997,16.151999999999997,20.966399999999986,-0.031557374033457264,0.031557374033457264
Independent Q-Learning,stress:same_side_hunters,2,100,100,7656,7577,1.0,38.28,38.28,51.08599999999998,0.9896812957157785,0.010318704284221547,0.0,18.382,18.382,20.76089999999998,-0.00800691415456023,0.00800691415456023
Independent Q-Learning,stress:same_side_hunters,3,100,100,6914,6867,1.0,34.57,34.57,51.27149999999998,0.993202198437952,0.0067978015620480114,0.0,13.426000000000002,13.426000000000002,20.906699999999987,-0.004102001335033245,0.004102001335033245
Independent Q-Learning,stress:same_side_hunters,4,100,99,6780,6776,0.99,33.23232323232323,33.9,51.094999999999985,0.9994100294985251,0.0005899705014749124,-0.008000000000000007,12.528916418695978,13.038,20.716099999999987,0.0011356550377831232,-0.0011356550377831232
Independent Q-Learning,stress:widely_separated_hunters,0,100,100,4942,4768,1.0,24.71,24.71,34.76449999999999,0.9647915823553217,0.0352084176446783,0.0020000000000000018,5.67793587174349,5.516000000000002,4.448199999999996,-0.03333283152401556,0.03333283152401556
Independent Q-Learning,stress:widely_separated_hunters,1,100,100,5344,5199,1.0,26.72,26.72,34.66399999999999,0.9728667664670658,0.027133233532934176,0.0,6.431999999999999,6.431999999999999,4.45239999999999,-0.025210914920946847,0.025210914920946847
Independent Q-Learning,stress:widely_separated_hunters,2,100,100,5156,4998,1.0,25.78,25.78,34.71099999999999,0.9693560899922421,0.030643910007757902,0.0,5.8820000000000014,5.8820000000000014,4.385899999999996,-0.028332119878096584,0.028332119878096584
Independent Q-Learning,stress:widely_separated_hunters,3,100,100,4618,4601,1.0,23.09,23.09,34.84549999999999,0.9963187527067995,0.003681247293200518,0.0,1.9460000000000015,1.9460000000000015,4.480699999999992,-0.0009854470661857517,0.0009854470661857517
Independent Q-Learning,stress:widely_separated_hunters,4,100,100,5512,5447,1.0,27.56,27.56,34.62199999999999,0.9882075471698113,0.011792452830188704,0.0020000000000000018,6.856593186372745,6.698,4.243099999999995,-0.010066827290930669,0.010066827290930669
