method,condition,seed_count,evaluation_episode_count,capture_rate_mean,capture_rate_std,capture_rate_valid_seeds,capture_time_mean,capture_time_std,capture_time_valid_seeds,episode_length_mean,episode_length_std,episode_length_valid_seeds,episode_reward_mean,episode_reward_std,episode_reward_valid_seeds,q_coverage_mean,q_coverage_std,q_coverage_valid_seeds,unseen_state_rate_mean,unseen_state_rate_std,unseen_state_rate_valid_seeds,delta_capture_rate_mean,delta_capture_rate_std,delta_capture_rate_valid_seeds,delta_capture_time_mean,delta_capture_time_std,delta_capture_time_valid_seeds,delta_episode_length_mean,delta_episode_length_std,delta_episode_length_valid_seeds,delta_episode_reward_mean,delta_episode_reward_std,delta_episode_reward_valid_seeds,delta_q_coverage_mean,delta_q_coverage_std,delta_q_coverage_valid_seeds,delta_unseen_state_rate_mean,delta_unseen_state_rate_std,delta_unseen_state_rate_valid_seeds
Cooperative Q-Learning,held_out_initial_states,5,2500,1.0,0.0,5,17.154,0.2669569253643738,5,17.154,0.2669569253643738,5,30.4595,0.168797111942118,5,0.9446707661177289,0.003950984291805791,5,0.055329233882271046,0.003950984291805791,5,0.0,0.0,5,0.3127999999999986,0.6380275856105283,5,0.3127999999999986,0.6380275856105283,5,-0.048440000000000795,0.20402455244406184,5,-0.0013000668311895947,0.005541353219688354,5,0.0013000668311895947,0.005541353219688354,5
Cooperative Q-Learning,held_out_seeds,5,2500,1.0,0.0,5,17.2916,0.46747277995622366,5,17.2916,0.46747277995622366,5,30.416219999999996,0.163112804524967,5,0.9435592041949955,0.0032652761037939714,5,0.056440795805004496,0.0032652761037939714,5,0.0,0.0,5,0.4503999999999991,0.48475437078999034,5,0.4503999999999991,0.48475437078999034,5,-0.09172000000000154,0.13685651975700724,5,-0.0024116287539230454,0.0042683548757762105,5,0.0024116287539230454,0.0042683548757762105,5
Cooperative Q-Learning,standard,5,2500,1.0,0.0,5,16.8412,0.4469689027214309,5,16.8412,0.4469689027214309,5,30.507939999999998,0.07553444909443562,5,0.9459708329489186,0.004845469550221518,5,0.05402916705108145,0.004845469550221518,5,0.0,0.0,5,0.0,0.0,5,0.0,0.0,5,0.0,0.0,5,0.0,0.0,5,0.0,0.0,5
Cooperative Q-Learning,stress:boundary_target,5,500,1.0,0.0,5,13.224,1.5300261435674885,5,13.224,1.5300261435674885,5,28.338800000000003,0.07650130717837328,5,0.9998578535891969,0.0003178490373133944,5,0.0001421464108031234,0.0003178490373133944,5,0.0,0.0,5,-3.6172000000000013,1.6421245994138205,5,-3.6172000000000013,1.6421245994138205,5,-2.1691399999999974,0.12820660279408205,5,0.053887020640278324,0.004775508876130005,5,-0.053887020640278324,0.004775508876130005,5
Cooperative Q-Learning,stress:far_target,5,500,1.0,0.0,5,33.758,1.0498904704777556,5,33.758,1.0498904704777556,5,43.31209999999999,0.05249452352388829,5,0.77557751682324,0.013330766176704248,5,0.22442248317675995,0.013330766176704248,5,0.0,0.0,5,16.9168,1.3018353198465638,5,16.9168,1.3018353198465638,5,12.804159999999989,0.089688003657124,5,-0.17039331612567848,0.010970663524937191,5,0.17039331612567848,0.010970663524937191,5
Cooperative Q-Learning,stress:opposite_side_hunters,5,500,1.0,0.0,5,17.652,0.9807242221950055,5,17.652,0.9807242221950055,5,26.1174,0.04903621110975107,5,0.9079737680276303,0.03987899155110805,5,0.09202623197236966,0.03987899155110805,5,0.0,0.0,5,0.810799999999999,0.765569853115964,5,0.810799999999999,0.765569853115964,5,-4.390539999999998,0.0953847105148411,5,-0.0379970649212882,0.03764378783447129,5,0.0379970649212882,0.03764378783447129,5
Cooperative Q-Learning,stress:same_side_hunters,5,500,1.0,0.0,5,38.467999999999996,0.9404360690658349,5,38.467999999999996,0.9404360690658349,5,51.076599999999985,0.04702180345329331,5,0.7652356417411037,0.02573059903075251,5,0.23476435825889627,0.02573059903075251,5,0.0,0.0,5,21.6268,0.7493431790574996,5,21.6268,0.7493431790574996,5,20.568659999999984,0.10637569271219814,5,-0.18073519120781484,0.023422174888960506,5,0.18073519120781484,0.023422174888960506,5
Cooperative Q-Learning,stress:widely_separated_hunters,5,500,1.0,0.0,5,26.598,1.2677815269201547,5,26.598,1.2677815269201547,5,34.6701,0.0633890763460076,5,0.7660701965329811,0.04625481278354451,5,0.23392980346701892,0.04625481278354451,5,0.0,0.0,5,9.756799999999998,1.137912650426209,5,9.756799999999998,1.137912650426209,5,4.1621599999999965,0.12143769184235953,5,-0.17990063641593745,0.04649902256224167,5,0.17990063641593745,0.04649902256224167,5
Independent Q-Learning,held_out_initial_states,5,2500,0.9992,0.0010954451150103333,5,20.465949498997997,0.6624637065061766,5,20.53,0.6014997921861648,5,30.273899999999998,0.1593926127522854,5,0.9977946369145894,0.0002874021000607826,5,0.0022053630854106387,0.0002874021000607826,5,0.0,0.0,5,0.2528553106212428,0.9957738633213599,5,0.2528000000000006,0.9952744345154241,5,-0.045439999999999967,0.20299765515887036,5,-9.913895969380083e-05,0.0004541181558331504,5,9.913895969380083e-05,0.0004541181558331504,5
Independent Q-Learning,held_out_seeds,5,2500,0.9992,0.0010954451150103333,5,20.40465971943888,0.9404987689255435,5,20.468,0.9790617958024906,5,30.238999999999997,0.20366075959791502,5,0.9980310999115984,0.00014891198722098573,5,0.0019689000884015595,0.00014891198722098573,5,0.0,0.0014142135623730963,5,0.19156553106212543,1.1448187204443805,5,0.19080000000000083,1.2121176510553737,5,-0.08033999999999893,0.18719186146838587,5,0.00013732403731527842,0.0004178429088343275,5,-0.00013732403731527842,0.0004178429088343275,5
Independent Q-Learning,standard,5,2500,0.9992,0.0010954451150103333,5,20.213094188376754,0.8072668907593905,5,20.2772,0.7762996844002962,5,30.319339999999997,0.06569690251450204,5,0.9978937758742832,0.00039424858039352955,5,0.002106224125716838,0.00039424858039352955,5,0.0,0.0,5,0.0,0.0,5,0.0,0.0,5,0.0,0.0,5,0.0,0.0,5,0.0,0.0,5
Independent Q-Learning,stress:boundary_target,5,500,1.0,0.0,5,17.0,1.3836184445142383,5,17.0,1.3836184445142383,5,28.150000000000002,0.06918092222571234,5,0.9993838427211151,0.0011070038848587445,5,0.0006161572788848657,0.0011070038848587445,5,0.0008000000000000007,0.0010954451150103333,5,-3.2130941883767528,1.5272547946121615,5,-3.2771999999999992,1.4409237315000412,5,-2.1693399999999947,0.1144994890818299,5,0.0014900668468319721,0.001332541801683741,5,-0.0014900668468319721,0.001332541801683741,5
Independent Q-Learning,stress:far_target,5,500,0.996,0.008944271909999166,5,31.00530612244898,2.1383569315046445,5,31.28,2.273862352914091,5,43.34399999999999,0.2675371469534683,5,0.9844947168580023,0.010536620305998433,5,0.01550528314199775,0.010536620305998433,5,-0.0032000000000000028,0.008318653737234175,5,10.792211934072228,1.6893905591006104,5,11.002800000000002,1.807683932550158,5,13.02465999999999,0.3052443005200956,5,-0.013399059016280912,0.01051268423533432,5,0.013399059016280912,0.01051268423533432,5
Independent Q-Learning,stress:opposite_side_hunters,5,500,1.0,0.0,5,19.13,1.3877499774815336,5,19.13,1.3877499774815336,5,26.0435,0.06938749887407666,5,0.9941481070122598,0.011517553306652115,5,0.005851892987740226,0.011517553306652115,5,0.0008000000000000007,0.0010954451150103333,5,-1.0830941883767522,1.6384950183325862,5,-1.1471999999999987,1.5552206274352198,5,-4.275839999999995,0.12088530928115307,5,-0.003745668862023388,0.011719900601791617,5,0.003745668862023388,0.011719900601791617,5
Independent Q-Learning,stress:same_side_hunters,5,500,0.998,0.004472135954999583,5,35.44646464646465,1.9512193464773622,5,35.58,1.7768652171732107,5,51.17899999999998,0.08884326085866158,5,0.9881205881546897,0.012606944896366415,5,0.01187941184531025,0.012606944896366415,5,-0.001200000000000001,0.003898717737923589,5,15.233370458087894,2.3203472939651806,5,15.302800000000001,2.1736929866013734,5,20.859659999999987,0.11380743824548692,5,-0.009773187719593412,0.012655579250589495,5,0.009773187719593412,0.012655579250589495,5
Independent Q-Learning,stress:widely_separated_hunters,5,500,1.0,0.0,5,25.572,1.7476183793952265,5,25.572,1.7476183793952265,5,34.72139999999999,0.08738091896976005,5,0.978308147738248,0.013368110451892267,5,0.02169185226175192,0.013368110451892267,5,0.0008000000000000007,0.0010954451150103333,5,5.358905811623247,1.9632837541856747,5,5.2948,1.9281071546986173,5,4.402059999999993,0.09536337347220783,5,-0.019585628136035083,0.013543493599851708,5,0.019585628136035083,0.013543493599851708,5
